{"Position":{"x":0.0,"y":0.0,"z":-10.0},"Rotation":{"x":0.0,"y":0.0,"z":0.0},"FieldofView":60.0,"LevelCharacters":[{"Type":57,"Position":{"x":0.0,"y":0.0,"z":0.0},"Rotation":{"x":0.0,"y":0.0,"z":0.0},"Scale":{"x":0.14000000059604646,"y":0.14000000059604646,"z":1.0}}]}