{"LevelCharacters":[{"Type":50,"Position":{"x":0.0,"y":0.0,"z":0.0},"Rotation":{"x":0.0,"y":0.0,"z":0.0},"Scale":{"x":0.6000000238418579,"y":0.6000000238418579,"z":0.6000000238418579}}]}